키워드,평균최종가격,로켓배지개수,평균리뷰수,상품개수
장판,50765,18,469.00,36
중문,0,0,0.00,0
템바보드,45016,24,124.31,36
방문손잡이,15020,28,2002.64,36
무타공중문,80475,9,371.72,36
슬라이딩도어,136434,5,114.94,36
싱크대,142026,3,79.11,36
싱크볼,187641,21,103.14,36
욕실리모델링,524161,10,143.97,36
방음부스,256182,16,60.33,36
화장실리모델링,585225,11,313.00,36
샌드위치판넬,18645,1,9.67,36
데코타일,0,0,0.00,0
단열벽지,36416,20,1209.83,36
씽크대,172415,2,54.14,36
벽돌,18309,23,335.44,36
압축봉,14161,34,3715.36,36
합판,11336,12,99.78,36
도어스토퍼,11331,31,1119.72,36
3연동중문,496591,2,18.89,36
방부목,0,0,0.00,0
방화문,160244,4,149.78,36
시트지,16433,28,2369.67,36
철망,15332,5,133.69,36
인조잔디,106048,11,96.89,36
현관매트,22073,25,281.83,36
타일,10193,25,426.72,36
벽지,20140,23,729.92,36
폴딩도어,124633,1,69.06,35
가구손잡이,2125,26,170.64,36
문손잡이,10975,23,1953.86,36
강마루,31520,12,109.44,36
현관중문,349063,3,287.25,36
현관문,0,0,0.00,0
씽크볼,209747,18,103.06,36
걸레받이,11812,17,517.97,36
화장실인테리어,19303,35,1006.08,36
걸레받이몰딩,13974,13,396.17,36
창문시트지,15165,30,1241.89,36
강화마루,30365,8,68.33,36
전기판넬,14081,0,43.86,36
무타공슬라이딩도어,54354,3,68.17,36
터닝도어,155700,3,7.31,36
타일카페트,32804,28,172.64,36
경첩,2898,22,204.64,36
테이블다리,22623,14,64.97,36
방문교체,110441,6,759.86,36
골드폭스보드,44696,1,7.53,36
실크벽지,37566,18,544.28,36
합성데크,13307,2,19.08,36
석고보드,17447,4,189.42,36
원슬라이딩중문,736566,0,24.61,36
몰딩,8621,22,633.17,36
포세린타일,10440,10,71.61,36
현관코일매트,60411,17,134.86,36
싱크볼교체,251832,10,25.33,36
타일시트지,14816,31,396.03,36
미닫이문,80427,2,71.89,36
셀프장판,55786,21,589.17,36
아트월,52859,21,106.78,36
방음재,0,0,0.00,0
전선몰딩,8012,21,697.31,36
붙이는문,59993,8,224.72,36
붙이는벽지,30655,28,913.17,36
경첩렌치,0,0,0.00,0
인조대리석상판,0,0,0.00,0
데크타일,1484,26,1675.14,36
주방싱크대,0,0,0.00,0
책상다리,21207,18,102.39,36
바퀴,5138,23,2944.53,36
스펀지,0,0,0.00,0
인테리어필름,19384,24,742.92,36
몰딩시트지,8874,24,1326.03,36
각목,4972,6,35.50,36
다루끼,7427,4,27.19,36
방문,64417,14,1015.56,36
옷걸이봉,21763,31,1533.08,36
모자이크타일,8788,14,41.28,36
싱크대손잡이,2231,22,139.44,36
틱택타일,15669,17,151.92,36
폼블럭,38408,22,1074.83,36
손잡이,9508,29,1190.64,36
판넬,10731,5,86.61,36
욕실인테리어,24178,35,961.67,36
가구다리,5305,23,88.97,36
천장몰딩,11845,11,67.61,36
방수합판,17944,0,25.97,36
말발굽,11455,26,1249.94,36
폼블럭벽지,32493,19,910.83,36
접착식단열벽지,35345,20,1223.78,36
스텐파이프,8000,1,28.22,36
서랍레일,5017,16,232.33,36
꺽쇠,2808,27,109.61,36
강화도어손잡이,14120,21,40.22,36
의자바퀴,0,0,0.00,0
주방시트지,7656,31,677.89,36
방화문손잡이,11459,10,203.78,36
지붕자재,37781,1,32.36,36
점검구,19045,4,16.56,36
스티커벽지,19826,26,1247.61,36
간살중문,468082,0,54.06,36
주방타일시트지,13953,32,493.56,36
방부목데크,16318,2,74.56,36
셀프중문,143471,9,377.31,36
식탁다리,22864,13,91.78,36
템파보드,20847,21,126.19,36
아파트중문,448925,1,101.89,36
인조대리석,35119,10,85.22,36
욕실타일,12283,14,160.54,24
붙이는장판,16899,26,237.58,36
평철,1776,23,55.06,36
도배지,20733,18,884.56,36
모티스락,23375,4,15.81,36
중문스윙도어,494755,1,27.86,36
난방필름,0,0,0.00,0
적벽돌,11649,18,404.11,36
외벽마감재,21992,1,19.61,36
인조잔디매트,58860,13,126.22,36
유리시트지,12029,32,1262.00,36
가죽스티커,7454,26,723.92,36
쫄대,5984,23,866.56,36
액자레일,13496,29,448.19,36
템바보드루바월,34214,3,15.22,36
싱크대교체,353095,12,478.08,36
거울시트지,8743,19,504.89,36
화장실타일,10155,24,696.53,36
접착식데코타일,23980,18,354.50,36
소형싱크대,124248,6,50.58,36
인테리어벽돌,8361,22,269.22,36
방음벽,4888,24,212.92,36
메탈사이딩,13297,2,2.58,36
주방타일,20609,31,215.58,36
화장실문교체,65368,3,693.14,36
목재재단,11519,7,98.86,36
시트지제작,7234,7,951.28,36
방문스토퍼,5896,31,207.44,36
현관문시트지,17690,20,401.75,36
세라믹사이딩,42890,0,0.75,36
싱크대경첩,3186,24,239.39,36
개나리벽지,10480,2,185.31,36
액자걸이,0,0,0.00,0
베란다타일,0,0,0.00,0
붙이는템바보드,0,0,0.00,0
유리벽돌,20454,9,114.19,36
영림중문,804194,0,9.97,36
탬바보드,25655,15,172.58,36
오영민제작소,65931,7,14.94,36
목재,0,0,0.00,0
붙이는타일,15490,30,417.67,36
띠벽지,11192,18,579.53,36
메쉬망,22353,14,89.89,36
시멘트벽돌,10722,22,448.50,36
붙박이장손잡이,2829,24,133.17,36
샌드위치판넬가격,22755,0,9.19,36
방음벽지,11267,27,792.53,36
파벽돌,18242,4,76.67,36
루바,16426,2,32.56,36
바닥타일,7806,16,855.46,24
대리석시트지,18559,34,664.89,36
두꺼운장판,0,0,0.00,0
야자수매트,66845,4,306.50,36
스윙도어중문,799322,0,6.56,36
스티커타일,15966,32,294.94,36
중문슬라이딩도어,386366,0,53.03,36
포인트벽지,14687,25,484.42,36
합지벽지,0,0,0.00,0
자동중문,445329,4,38.31,36
합성목재,15837,3,39.61,36
씽크대하부장,194792,2,377.58,36
테라조타일,10426,18,115.44,36
자작나무합판,16279,17,30.75,36
강마루종류,43272,7,63.28,36
슬라이딩중문,384572,0,58.22,36
서랍손잡이,2260,25,184.61,36
현관문손잡이,0,0,0.00,0
pvc몰딩,8027,13,593.78,36
히노끼루바,22392,0,31.06,36
롤카페트,43473,20,347.14,36
싱크대시트지,14218,23,1395.28,36
장판매트,91435,20,2221.11,36
주방리모델링,293995,19,653.19,36
간이싱크대,105869,8,40.11,36
액자걸이와이어,7056,19,448.22,32
욕실바닥타일,12474,20,710.53,36
싱크대상판,58301,7,149.00,36
무타공도어스토퍼,13510,30,951.19,36
스폰지,0,0,0.00,0
벽돌가격,12596,18,340.39,36
투명시트지,0,0,0.00,0
벽인테리어,19604,28,262.39,36
단열현관문,54171,16,307.89,36
스텐망,9373,15,210.69,36
나무쫄대,3868,2,28.67,36
전기온돌판넬,33373,0,34.94,36
가죽시트지,9018,24,640.75,36
씽크대교체,500235,8,206.61,36
가구바퀴,5884,25,258.33,36
각재,6667,7,23.97,36
목봉,6795,19,156.25,36
osb합판,0,0,0.00,0
경첩보강판,1820,29,90.64,36
빠찌링,2109,27,103.14,36
주택현관문,224508,0,29.08,36
싱크대상판교체,72803,4,85.42,36
웨인스코팅,27478,22,67.78,36
화스너,0,0,0.00,0
crc보드,28929,1,202.20,35
서랍장손잡이,2831,21,150.89,36
시멘트사이딩,18693,3,67.22,36
단열시트지,28970,22,1054.06,36
글라스아트,14494,21,354.89,36
붙이는슬라이딩도어,0,0,0.00,0
중문설치,465557,4,260.78,36
바닥재,35570,19,1503.42,36
싱크대상판시트지,10083,27,675.36,36
문짝,90789,4,699.83,36
스텐철망,13069,8,45.36,36
접착식템바보드,20307,31,118.25,36
카펫타일,27162,30,150.11,36
싱크대문짝교체,0,0,0.00,0
텍스,57057,3,24.69,36
스톤보드,62611,1,2.11,36
폼세라믹,34311,1,51.44,36
유리창시트지,13724,33,896.67,36
히든손잡이,2875,31,41.97,36
모티스락손잡이,25155,5,636.06,36
선반브라켓,0,0,0.00,0
차음재,3824,12,154.81,36
베란다바닥매트,18783,30,3150.61,36
방음문,0,0,0.00,0
브라켓,0,0,0.00,0
여닫이중문,479794,2,76.22,36
타일벽지,24742,27,809.36,36
템바보드벽지,22309,25,157.17,36
로봇청소기문턱,12918,25,115.17,36
자석도어스토퍼,11438,31,761.86,36
미니싱크대,94876,7,42.92,36
필름히터,28538,15,14.92,36
싱크대하부장,157149,10,711.50,36
방문시트지,13206,31,856.31,36
코팅합판,15156,8,68.75,36
시멘트보드,27221,2,11.22,36
셀프도배,20463,21,870.69,36
한샘욕실리모델링,748729,10,36.25,36
돌마루,32401,6,59.86,36
현관방화문,172914,3,91.67,36
가구시트지,15544,27,1254.03,36
꽃무늬벽지,25872,17,129.97,36
초배지,16757,4,51.97,36
간이중문,90263,11,230.17,36
벽지스티커,14137,26,673.39,36
나무판,13524,13,99.58,36
현관중문셀프,164956,4,195.14,36
스윙도어,354769,1,22.75,36
슬라이딩레일,0,0,0.00,0
모노륨장판,99041,12,485.06,36
화장실문,61372,6,904.67,36
악세스플로어,115555,2,0.31,36
방문경첩,3478,17,307.81,36
암막시트지,13063,31,1643.33,36
책상상판,33061,17,155.78,36
ㄱ자중문,848605,0,46.72,36
화장실바닥타일,13500,17,395.58,36
도어손잡이,15665,23,1518.42,36
흡음보드,5042,15,156.16,31
식탁시트지,11073,24,1104.03,36
pe망,75641,12,92.33,36
서랍장레일,4881,12,215.97,36
아파트현관문교체,228557,3,163.81,36
씽크대손잡이,2119,21,129.69,36
깜뽀르떼860,394364,2,1.19,36
현관문교체,193520,3,113.47,36
큐블럭,32654,8,30.22,36
웨인스코팅몰딩,20331,22,72.53,36
쇼파다리,5828,15,60.47,36
태고합판,70693,0,40.67,36
바닥장판,72497,17,383.83,36
터닝도어손잡이,10169,3,11.72,36
폴리싱타일,8584,9,64.86,36
소파다리,5273,16,56.69,36
유리문손잡이,13563,22,119.53,36
캐스터바퀴,7310,21,76.94,36
원목상판,22773,8,146.47,36
바닥시트지,17420,27,597.42,36
셀프아트월,52115,12,252.38,24
테라코타벽지,30206,6,73.89,36
플라베니아,5211,0,56.81,36
건식난방,283800,0,14.28,36
루버강판,25509,2,15.19,36
방문도어스토퍼,5194,32,145.53,36
옷장손잡이,2486,28,183.67,36
개수대,117543,8,89.81,36
창문손잡이,5055,15,176.89,36
전선가리개,9069,25,826.67,36
풀바른실크벽지,21554,17,218.97,36
문,125167,17,158462.17,36
슬라이딩도어레일,28289,8,9.69,36
벽시트지,23086,26,918.64,36
주방벽타일,18254,32,296.42,36
중문셀프시공,169976,5,158.00,36
큐비클,29320,7,23.39,36
폼벽지,28607,22,1266.78,36
씽크볼교체,241337,12,27.64,36
합성목재데크,14122,2,64.78,36
젤리지타일,31224,20,338.72,36
우드시트지,11487,32,1312.17,36
합판재단,13779,11,62.06,36
접착식벽지,25489,21,980.97,36
투바이포,9412,2,924.61,36
타일스티커,16824,34,296.06,36
마루보수,11121,14,346.83,36
벽타일,16112,27,405.03,36
템바보드셀프,0,0,0.00,0
빈티지타일,19378,15,49.28,36
원목마루,32886,6,568.68,19
무타공중문셀프,353775,0,82.31,36
대리석타일,17835,29,253.83,36
반투명시트지,13346,23,1272.56,36
재료분리대,10585,0,21.50,36
베이스트랩,45543,3,1.28,36
베란다데크타일,6211,23,1670.28,36
철문,87630,9,502.67,36
불투명시트지,15732,26,1042.22,36
천장텍스,32387,0,18.28,36
인조잔디롤,0,0,0.00,0
미닫이문설치,99610,5,57.28,36
상다리,8959,18,105.83,36
그라데이션시트지,27351,13,35.64,36
야광별스티커,8432,23,627.58,36
페데스탈,9139,0,0.28,36
베란다화단덮개,42817,9,449.56,36
스마트필름,30416,14,599.67,36
강마루보수,11720,13,345.53,36
초슬림3연동중문,680794,0,10.08,36
철제다리,28060,9,44.97,36
상다리부속,5868,10,176.11,36
ㄱ자몰딩,11016,10,34.53,36
업소용현관매트,26627,22,234.81,36
아파트중문가격,203442,4,152.51,35
매미고리,2732,14,46.22,36
원목,46566,13,544.53,36
석고보드가격,11758,3,89.19,36
창문썬팅지,21087,30,1084.03,36
헬스장바닥매트,27817,26,381.72,36
무타공슬라이드도어,61930,7,91.72,36
벽지시트지,20930,32,903.61,36
알루미늄몰딩,7048,10,41.25,36
접이식테이블다리,0,0,0.00,0
방한벽지,35510,17,1217.17,36
미닫이문레일,19842,8,24.19,36
골드폭스보드가격,28358,15,306.33,36
노르들리옷걸이봉,30340,25,1176.50,36
현관타일,9201,24,957.28,36
천정몰딩,13897,9,72.11,36
주방자석시트지,21963,18,361.81,36
타일장판,17293,26,435.08,36
베슬라그손잡이,25718,2,7.47,36
평몰딩,0,0,0.00,0
싱크대상부장,122659,5,22.69,36
욕실문,81788,5,316.50,36
창호지,17742,11,85.86,36
대리석장판,39176,20,333.14,36
스텐봉,7089,14,807.75,36
무늬목시트지,9244,28,1298.89,36
씽크대시트지,0,0,0.00,0
자작합판,17072,12,55.00,36
걸레받이시트지,11258,28,1143.44,36
굽도리,16609,27,485.58,36
중고싱크대,75951,28,768.58,36
방부목기둥,36300,0,7.08,36
회전판,26219,26,105.36,36
단프라시트,9019,0,60.25,36
플로베니아,10629,0,45.50,36
건축판넬,24133,0,16.44,36
방부목가격,15718,0,94.19,36
우드슬랩상판,176835,3,69.58,36
집성목,15835,9,59.53,36
방수시트지,20340,23,430.03,36
미닫이문손잡이,4169,20,186.28,36
템바보드시트지,16586,25,109.72,36
마이너스몰딩,7793,3,13.50,36
사무실싱크대,152681,2,38.47,36
알루미늄바,10262,3,41.78,36
욕실타일시트지,19113,33,246.14,36
신발장손잡이,9591,25,153.81,36
현관스토퍼,14122,32,1764.06,36
문손잡이교체,14978,23,1760.17,36
매쉬망,14954,16,102.83,36
영림인테리어필름,40896,21,58.89,36
영림필름,144291,17,37.89,36
문짝교체,123164,3,651.36,36
아파트현관매트,36780,22,219.64,36
높이조절발,5512,23,70.06,36
안개시트지,14975,25,968.03,36
벽스티커,10472,26,678.47,36
황토벽돌,7468,25,251.50,36
트라버틴타일,27318,6,151.78,36
구조목,9621,1,21.25,36
아트보드,30834,3,73.39,36
영업시간스티커,0,0,0.00,0
현관문가격,0,0,0.00,0
접착식파벽돌,50460,13,564.86,36
걸쇠,6538,24,247.75,36
문경첩,3408,19,199.22,36
영림몰딩,12746,15,42.08,36
업소용발매트,24626,24,293.69,36
알루미늄판넬,10775,3,13.72,36
골강판,12107,0,5.81,36
거실포인트벽지,15881,21,415.81,36
무타공손잡이,5279,30,96.47,36
무타공중문설치,94274,3,129.44,36
징크,21285,23,2090.92,36
싱크볼교체비용,260971,8,36.17,36
셀프중문설치,145540,4,347.14,36
욕실문교체,73034,2,262.06,36
사무실씽크대,146446,2,40.81,36
천장마감재,35821,4,30.78,36
